Time,Seq,Pose.Position.x,Pose.Position.y,Pose.Position.z,Pose.Orientation.x,Pose.Orientation.y,Pose.Orientation.z,Pose.Orientation.w,Roll(deg),Pitch(deg),Yaw(deg)
2327256000000,728,1.4141728438919137,-1.0423758986830054,0.0,0.0,0.0,0.10432877012520762,0.9945428636937483,0.0,-0.0,11.976991047336629
2339256000000,729,1.395403928453659,-1.018396441670329,0.0,0.0,0.0,0.20670165465396173,0.9784040198012856,0.0,-0.0,23.85826092053605
2351656000000,730,1.361214608033526,-0.9547509868054522,0.0,0.0,0.0,0.3057171777792127,0.9521223698720208,0.0,-0.0,35.60263246714232
2364656000000,731,1.3140901397102227,-0.9183813345963571,0.0,0.0,0.0,0.4001443651731335,0.9164521193276766,0.0,-0.0,47.17440750275049
2378256000000,732,1.2772949331809964,-0.9044671274379182,0.0,0.0,0.0,0.4950096843260511,0.8688874567073823,0.0,-0.0,59.340777869554685
2392456000000,733,1.2643005446083055,-0.8940210365452053,0.0,0.0,0.0,0.5798961999444192,0.8146903689684948,0.0,-0.0,70.88648445563906
2407456000000,734,1.2031467912612908,-0.8845365865391878,0.0,0.0,0.0,0.6501675751023746,0.7597908424596194,0.0,-0.0,81.10847501848741
2423256000000,735,1.1640220697303334,-0.8913319598234599,0.0,0.0,0.0,0.7281906596425924,0.6853746152355558,0.0,-0.0,93.46984872246901
2440056000000,736,1.1462257576991588,-0.871231260378079,0.0,0.0,0.0,0.8019869142380552,0.5973416019254998,0.0,-0.0,106.64051955051042
