Time,Seq,Pose.Position.x,Pose.Position.y,Pose.Position.z,Pose.Orientation.x,Pose.Orientation.y,Pose.Orientation.z,Pose.Orientation.w,Roll(deg),Pitch(deg),Yaw(deg)
2296071000000,2626,1.63219956899521,-1.1077374768896695,0.0,0.0,0.0,0.7931097112178799,0.6090788011184523,0.0,-0.0,104.95415189237995
2296271000000,2627,1.734450622097789,-0.9304109459550322,0.0,0.0,0.0,0.8187980125426251,0.5740817142674439,0.0,-0.0,109.92930116262899
2296871000000,2628,1.5957767952436015,-1.2274478223294039,0.0,0.0,0.0,0.7552739201057191,0.6554092657325954,0.0,-0.0,98.09862012414064
2297471000000,2629,1.5195918277886575,-1.310173808545258,0.0,0.0,0.0,0.6806892830293162,0.7325722489755092,0.0,-0.0,85.79505911747442
2298271000000,2630,1.4158529915661946,-1.3934277908090318,0.0,0.0,0.0,0.5795479253364766,0.8149381585360853,0.0,-0.0,70.83750479062685
2298871000000,2631,1.4879406040545653,-1.3051653678593271,0.0,0.0,0.0,0.5000584242222378,0.8659916699162715,0.0,-0.0,60.00773078142271
