Time,Seq,Pose.Position.x,Pose.Position.y,Pose.Position.z,Pose.Orientation.x,Pose.Orientation.y,Pose.Orientation.z,Pose.Orientation.w,Roll(deg),Pitch(deg),Yaw(deg)
3054667000000,1936,-0.7329478644285866,0.46546705567911933,0.0,0.0,0.0,0.4204860030349147,0.9072990252677018,0.0,-0.0,49.730549383577035
3063267000000,1937,-0.6558655922538206,0.5681876380531037,0.0,0.0,0.0,0.353481387814121,0.9354415580189941,0.0,-0.0,41.400801642988576
3071467000000,1938,-0.7702188646393118,0.46965388404459685,0.0,0.0,0.0,0.4296080953117051,0.903015439758728,0.0,-0.0,50.88538292072139
3085467000000,1939,-0.7541254168105284,0.6354217267569979,0.0,0.0,0.0,0.35317163506700583,0.9355585477051116,0.0,-0.0,41.36285931495591
