Time,Seq,Pose.Position.x,Pose.Position.y,Pose.Position.z,Pose.Orientation.x,Pose.Orientation.y,Pose.Orientation.z,Pose.Orientation.w,Roll(deg),Pitch(deg),Yaw(deg)
819656000000,695,0.45591273252441306,-2.0067491281203833,0.0,0.0,0.0,0.09714567430600637,0.9952701733517545,0.0,-0.0,11.149658471141077
820656000000,696,0.6595048835291203,-1.977331849020045,0.0,0.0,0.0,0.11021027709125591,0.9939082929644307,0.0,-0.0,12.654874519547676
821656000000,697,0.8619381932102977,-1.909882609106219,0.0,0.0,0.0,0.20871691460439454,0.9779760986639816,0.0,-0.0,24.094341522360857
822856000000,698,1.0785885697501343,-1.7886784023368543,0.0,0.0,0.0,0.29533918710752854,0.9553924662455028,0.0,-0.0,34.35575524804179
824056000000,699,1.2702709184005694,-1.6243440705491508,0.0,0.0,0.0,0.3942491023471105,0.9190036154980553,0.0,-0.0,46.43830145314217
825456000000,700,1.4308046647409298,-1.4257170661384386,0.0,0.0,0.0,0.48081212097464304,0.8768236449388584,0.0,-0.0,57.476912709995545
827456000000,701,1.5563741047380244,-1.2198455880900223,0.0,0.0,0.0,0.4935451402692868,0.86972018173466,0.0,-0.0,59.14772183629977
