{"cnn": {"History": [{"loss": [1.0985385179519653, 1.0311193466186523, 0.9969442486763, 0.981249213218689, 1.0435564517974854, 1.003488540649414, 1.0388377904891968, 0.9876554608345032, 0.9748629331588745, 0.9081662893295288], "categorical_accuracy": [0.47826087474823, 0.5043478012084961, 0.5565217137336731, 0.4956521689891815, 0.539130449295044, 0.5043478012084961, 0.47826087474823, 0.5130434632301331, 0.47826087474823, 0.5652173757553101], "val_loss": [0.7099686861038208, 0.8898355960845947, 1.06134831905365, 1.0303781032562256, 0.9811655282974243, 0.8157202005386353, 1.0109213590621948, 0.7748019099235535, 1.0491660833358765, 0.9770709276199341], "val_categorical_accuracy": [0.6551724076271057, 0.5517241358757019, 0.4137931168079376, 0.37931033968925476, 0.5517241358757019, 0.6551724076271057, 0.517241358757019, 0.6896551847457886, 0.3448275923728943, 0.5862069129943848]}, {"loss": [0.9814119935035706, 0.9076889753341675, 0.8560910224914551, 0.8319573998451233, 0.8673780560493469, 0.8755669593811035, 0.8313780426979065, 0.7764305472373962, 0.6986664533615112, 0.6443621516227722], "categorical_accuracy": [0.582608699798584, 0.6000000238418579, 0.678260862827301, 0.6086956262588501, 0.678260862827301, 0.6000000238418579, 0.6695652008056641, 0.7217391133308411, 0.739130437374115, 0.730434775352478], "val_loss": [0.8472254276275635, 0.9498231410980225, 0.9664279818534851, 0.6407238245010376, 0.7325326204299927, 0.968756377696991, 0.7963390350341797, 0.9187092185020447, 0.6951541900634766, 0.970943808555603], "val_categorical_accuracy": [0.6551724076271057, 0.6206896305084229, 0.517241358757019, 0.7931034564971924, 0.7241379022598267, 0.6206896305084229, 0.7241379022598267, 0.6551724076271057, 0.7241379022598267, 0.5862069129943848]}], "Scores": [[0.9387739300727844, 0.6000000238418579], [0.8617361783981323, 0.634782612323761]]}}