Time,Seq,Pose.Position.x,Pose.Position.y,Pose.Position.z,Pose.Orientation.x,Pose.Orientation.y,Pose.Orientation.z,Pose.Orientation.w,Roll(deg),Pitch(deg),Yaw(deg)
588680000000,536,-0.7186694833567031,-2.117313615811571,0.0,0.0,0.0,-0.07964958084769323,0.9968229252333569,0.0,0.0,-9.136847845705322
589280000000,537,-0.5899492199338621,-2.1252841176823205,0.0,0.0,0.0,0.020897214631222343,0.9997816293674617,0.0,-0.0,2.3948187257940163
590280000000,538,-0.3795315759633488,-2.1001427137268496,0.0,0.0,0.0,0.08318431362563074,0.9965341790258038,0.0,-0.0,9.54324779717218
591280000000,539,-0.17255027219350988,-2.0630817268727766,0.0,0.0,0.0,0.08075302756135132,0.9967341413534884,0.0,-0.0,9.263702168991726
592280000000,540,0.037622509872678955,-2.0388710294875847,0.0,0.0,0.0,0.033278277328755636,0.9994461247401134,0.0,-0.0,3.814113887919478
593480000000,541,0.259487427324476,-2.0475420360887435,0.0,0.0,0.0,-0.03242339237560924,0.9994742235930135,0.0,0.0,-3.7160983830214005
594880000000,542,0.4161004209089342,-2.039832037383412,0.0,0.0,0.0,0.09828064866838054,0.9951587381404648,0.0,-0.0,11.280342332084068
