Time,Seq,Pose.Position.x,Pose.Position.y,Pose.Position.z,Pose.Orientation.x,Pose.Orientation.y,Pose.Orientation.z,Pose.Orientation.w,Roll(deg),Pitch(deg),Yaw(deg)
1938256000000,705,1.4965655988464304,-1.2203509102575905,0.0,0.0,0.0,0.7955119660887465,0.6059378778469102,0.0,-0.0,105.40727780728018
2007056000000,706,1.480844370075921,-1.2199130890234335,0.0,0.0,0.0,0.8530340295119907,0.521855290760318,0.0,-0.0,117.08643357826121
