Time,Seq,Pose.Position.x,Pose.Position.y,Pose.Position.z,Pose.Orientation.x,Pose.Orientation.y,Pose.Orientation.z,Pose.Orientation.w,Roll(deg),Pitch(deg),Yaw(deg)
2527680000000,575,1.2074775557603894,-1.1773173981630913,0.0,0.0,0.0,0.05210259578506147,0.9986417373174719,0.0,-0.0,5.973222326945733
2539480000000,576,1.1847804872413585,-1.1447247917415826,0.0,0.0,0.0,0.15846933809478428,0.9873638989166056,0.0,-0.0,18.236124583006664
2551680000000,577,1.1721832316367606,-1.1112825117759426,0.0,0.0,0.0,0.2937249781423731,0.9558899712912896,0.0,-0.0,34.16219444897013
2564480000000,578,1.2777075367487751,-0.989261868451339,0.0,0.0,0.0,0.39234043392880336,0.9198200823555432,0.0,-0.0,46.20041327340659
2577880000000,579,1.2611678333402956,-0.9889841438945264,0.0,0.0,0.0,0.4878583915895334,0.8729227856779048,0.0,-0.0,58.39983360441473
2591880000000,580,1.185748362593591,-0.9945780068971347,0.0,0.0,0.0,0.5642166717184409,0.8256267603190712,0.0,-0.0,68.69582652550586
2606680000000,581,1.1419868579173742,-0.9736264835115391,0.0,0.0,0.0,0.6355777654532431,0.7720368540824086,0.0,-0.0,78.92569886742938
2622280000000,582,1.0776830261201442,-0.9420991072576896,0.0,0.0,0.0,0.7143747030489757,0.6997633768951386,0.0,-0.0,91.1839544445867
2638680000000,583,1.0978486398687402,-1.008753968304287,0.0,0.0,0.0,0.7745674953953174,0.632491260870081,0.0,-0.0,101.5316733140278
