Time,Seq,Pose.Position.x,Pose.Position.y,Pose.Position.z,Pose.Orientation.x,Pose.Orientation.y,Pose.Orientation.z,Pose.Orientation.w,Roll(deg),Pitch(deg),Yaw(deg)
2796280000000,590,1.2392079436444654,-0.9448217416312018,0.0,0.0,0.0,-0.9937146199933243,0.11194308380388261,0.0,0.0,-167.14532402808314
2828880000000,591,1.2721429011345597,-0.9572908993879469,0.0,0.0,0.0,-0.9759574864641787,0.21796097039268847,0.0,0.0,-154.82140170500563
2866080000000,592,1.26327391804787,-0.8883193408538985,0.0,0.0,0.0,-0.9433813198628983,0.33171024303409147,0.0,0.0,-141.25477360998758
2909680000000,593,1.2621887286778881,-0.8871700307623341,0.0,0.0,0.0,-0.9071730919214444,0.4207576277308429,0.0,0.0,-130.23514212873772
