Time,Seq,Pose.Position.x,Pose.Position.y,Pose.Position.z,Pose.Orientation.x,Pose.Orientation.y,Pose.Orientation.z,Pose.Orientation.w,Roll(deg),Pitch(deg),Yaw(deg)
2250080000000,554,1.4573936405802805,-1.242727557070285,0.0,0.0,0.0,0.9246608933812933,0.38079158637148014,0.0,-0.0,135.23455208565628
2284080000000,555,1.442597158043303,-1.2537692950666512,0.0,0.0,0.0,0.9541625092959521,0.2992890005564055,0.0,-0.0,145.17019227243551
2310080000000,556,1.4220050314074164,-1.262296520774435,0.0,0.0,0.0,0.9765605422774859,0.21524290294154355,0.0,-0.0,155.1404434562039
2330880000000,557,1.3841747652669647,-1.3234217414240566,0.0,0.0,0.0,0.9903523859552098,0.13857182842418977,0.0,-0.0,164.06957492032925
2348080000000,558,1.38166566055996,-1.3129538394514846,0.0,0.0,0.0,0.9981128383666384,0.06140652968286645,0.0,-0.0,172.95890024065085
2362680000000,559,1.379931828793503,-1.3178016696778851,0.0,0.0,0.0,-0.9995459903107892,0.03012993948921466,0.0,0.0,-176.54684065548088
2375280000000,560,1.349091275924803,-1.2801927803562263,0.0,0.0,0.0,-0.9909994154810935,0.13386619631606383,0.0,0.0,-164.61387473146158
