Time,Seq,Pose.Position.x,Pose.Position.y,Pose.Position.z,Pose.Orientation.x,Pose.Orientation.y,Pose.Orientation.z,Pose.Orientation.w,Roll(deg),Pitch(deg),Yaw(deg)
2052256000000,707,1.4781602686369095,-1.217498991020393,0.0,0.0,0.0,0.90240907875093,0.430880325134367,0.0,-0.0,128.9531184697349
2085056000000,708,1.4605601163264617,-1.216826604764111,0.0,0.0,0.0,0.9408037138347837,0.33895187274106986,0.0,-0.0,140.37394127424935
2110256000000,709,1.4513897891044467,-1.2262439483768763,0.0,0.0,0.0,0.9702435442142654,0.24213109034269173,0.0,-0.0,151.9752935155553
2130456000000,710,1.4450705899135765,-1.2360409656443834,0.0,0.0,0.0,0.9881164574852671,0.15370708001509306,0.0,-0.0,162.31636232879777
2147256000000,711,1.446734530728915,-1.2304147421305183,0.0,0.0,0.0,0.998141325917235,0.06094172213011283,0.0,-0.0,173.01226320625673
2161456000000,712,1.4430955955932674,-1.2226721772673856,0.0,0.0,0.0,-0.9992216039106568,0.03944852694606618,0.0,0.0,-175.4783585257249
2173856000000,713,1.4360113248260418,-1.210565281236955,0.0,0.0,0.0,-0.9913435109450827,0.1312937291232025,0.0,0.0,-164.91128327442615
