Time,Seq,Pose.Position.x,Pose.Position.y,Pose.Position.z,Pose.Orientation.x,Pose.Orientation.y,Pose.Orientation.z,Pose.Orientation.w,Roll(deg),Pitch(deg),Yaw(deg)
409879000000,381,-0.9399241694631649,-2.0267533868348115,0.0,0.0,0.0,-0.17295782254498016,0.9849292317829231,0.0,0.0,-19.919675705865842
410478000000,382,-0.8226994553899379,-2.0547538983532836,0.0,0.0,0.0,-0.05962447113589851,0.9982208785843765,0.0,0.0,-6.836515915277779
411479000000,383,-0.615361317447285,-2.064680406986742,0.0,0.0,0.0,0.006068923569566938,0.9999815839137772,0.0,-0.0,0.6954516826186034
412479000000,384,-0.4031254928317189,-2.053140008338752,0.0,0.0,0.0,0.04276908912727269,0.9990849838803622,0.0,-0.0,4.902471972750461
413479000000,385,-0.19600858018575007,-2.036203281167651,0.0,0.0,0.0,0.027614065739061576,0.9996186589761912,0.0,-0.0,3.1647411361930886
414479000000,386,0.012403608721507179,-2.0300410160153395,0.0,0.0,0.0,0.003494076916058226,0.999993895694621,0.0,-0.0,0.40039253587488066
415478000000,387,0.22256604218661577,-2.0273446032626903,0.0,0.0,0.0,-0.0024550203332596634,0.9999969864330408,0.0,0.0,-0.28132489002634703
417479000000,388,0.40594544018396866,-2.0321618237243375,0.0,0.0,0.0,0.15059031607060008,0.9885962556603969,0.0,-0.0,17.322275556044477
