Time,Seq,Pose.Position.x,Pose.Position.y,Pose.Position.z,Pose.Orientation.x,Pose.Orientation.y,Pose.Orientation.z,Pose.Orientation.w,Roll(deg),Pitch(deg),Yaw(deg)
45080000000,22,2.003471873147266,0.2769136968257462,0.0,0.0,0.0,0.7487527824055348,0.662849357576795,0.0,-0.0,96.96491050572055
46080000000,23,1.9543604174292522,0.49116186007914897,0.0,0.0,0.0,0.8058842550995681,0.5920731098290264,0.0,-0.0,107.39147842571354
47080000000,24,1.8845303050505822,0.6934634969719002,0.0,0.0,0.0,0.8188515123810989,0.5740054012561093,0.0,-0.0,109.93998089208687
48280000000,25,1.7965244392242246,0.9317866143902858,0.0,0.0,0.0,0.8260053683180777,0.5636622494985066,0.0,-0.0,111.38110598634489
49480000000,26,1.7105371737198367,1.1625794209387526,0.0,0.0,0.0,0.825489956347187,0.5644168069520248,0.0,-0.0,111.27639372023617
51080000000,27,1.6133919739942935,1.373613681566932,0.0,0.0,0.0,0.8523768826034992,0.522927958712422,0.0,-0.0,116.94228218827504
