Time,Seq,Pose.Position.x,Pose.Position.y,Pose.Position.z,Pose.Orientation.x,Pose.Orientation.y,Pose.Orientation.z,Pose.Orientation.w,Roll(deg),Pitch(deg),Yaw(deg)
2603056000000,743,1.2052916438772547,-0.9232211560739844,0.0,0.0,0.0,-0.9982173225279215,0.059683976117442424,0.0,0.0,-173.1566531509131
2637256000000,744,1.206118427500214,-0.9089149521572766,0.0,0.0,0.0,-0.9889038748942286,0.14855681141967172,0.0,0.0,-162.9133981437954
2676656000000,745,1.2028997406736923,-0.9125228459354304,0.0,0.0,0.0,-0.9685605250638168,0.2487780321654295,0.0,0.0,-151.1895715809816
2723456000000,746,1.2018752746703025,-0.899800195692235,0.0,0.0,0.0,-0.9377315259914254,0.34736088605626375,0.0,0.0,-139.34804036045864
