Time,Seq,Pose.Position.x,Pose.Position.y,Pose.Position.z,Pose.Orientation.x,Pose.Orientation.y,Pose.Orientation.z,Pose.Orientation.w,Roll(deg),Pitch(deg),Yaw(deg)
612080000000,543,0.6331520273312411,-1.968666576827058,0.0,0.0,0.0,0.18962136052933332,0.9818572908681814,0.0,-0.0,21.861376126086913
613280000000,544,0.8654782897377854,-1.859529840819391,0.0,0.0,0.0,0.22756653073391386,0.973762534753587,0.0,-0.0,26.307690900640683
614480000000,545,1.088361056233244,-1.7314950073595214,0.0,0.0,0.0,0.29920518259733087,0.954188796154565,0.0,-0.0,34.81974162435682
615880000000,546,1.3187000051932491,-1.5398987263041193,0.0,0.0,0.0,0.3747356913138302,0.9271316851750596,0.0,-0.0,44.01595578427565
617280000000,547,1.4803793543920851,-1.3272192382263526,0.0,0.0,0.0,0.4523436115616736,0.8918437402815259,0.0,-0.0,53.78829469425725
