Time,Seq,Pose.Position.x,Pose.Position.y,Pose.Position.z,Pose.Orientation.x,Pose.Orientation.y,Pose.Orientation.z,Pose.Orientation.w,Roll(deg),Pitch(deg),Yaw(deg)
2458056000000,737,1.1198301772073325,-0.8904224366096758,0.0,0.0,0.0,0.8647537528187179,0.5021961240252096,0.0,-0.0,119.70919786057496
2477256000000,738,1.167681255946399,-0.9174056255970825,0.0,0.0,0.0,0.9148896706003761,0.40370396409836673,0.0,-0.0,132.38012734278064
2498056000000,739,1.1503295223444048,-0.8944364265440922,0.0,0.0,0.0,0.948808127358342,0.3158530314224581,0.0,-0.0,143.17536360831264
2520656000000,740,1.151555584746954,-0.8980559149352852,0.0,0.0,0.0,0.977127485752777,0.21265435943440406,0.0,-0.0,155.44409998504526
2545456000000,741,1.194530075603791,-0.8905604334667594,0.0,0.0,0.0,0.9921990090509455,0.12466405431527496,0.0,-0.0,165.67728847521107
2572656000000,742,1.2061655718338191,-0.9184402008167932,0.0,0.0,0.0,0.9993640861675054,0.03565702285086151,0.0,-0.0,175.91313982758493
