Time,Seq,Pose.Position.x,Pose.Position.y,Pose.Position.z,Pose.Orientation.x,Pose.Orientation.y,Pose.Orientation.z,Pose.Orientation.w,Roll(deg),Pitch(deg),Yaw(deg)
50065000000,22,1.9789747463758582,0.11527000572024913,0.0,0.0,0.0,0.7942511493151504,0.6075895915925178,0.0,-0.0,105.16916386031978
51265000000,23,1.8982992108437995,0.35918330228804674,0.0,0.0,0.0,0.8005314424340169,0.5992907555390058,0.0,-0.0,106.36176275464771
52265000000,24,1.8429320684650938,0.5689548062417088,0.0,0.0,0.0,0.7913743553023931,0.6113318491373745,0.0,-0.0,104.62826649346998
53265000000,25,1.7868714079367738,0.7779447417560936,0.0,0.0,0.0,0.7941308873265119,0.6077467678186425,0.0,-0.0,105.14648535059204
54265000000,26,1.735877394985094,0.9721891201605629,0.0,0.0,0.0,0.7954067557513522,0.6060759794820355,0.0,-0.0,105.3873832879486
55465000000,27,1.672506667999402,1.2099620213704823,0.0,0.0,0.0,0.7926026096236471,0.6097385531666704,0.0,-0.0,104.85879788595652
57265000000,28,1.5867315353532538,1.4228346319790102,0.0,0.0,0.0,0.8556555756654373,0.5175456847783094,0.0,-0.0,117.66447118041343
