Time,Seq,Pose.Position.x,Pose.Position.y,Pose.Position.z,Pose.Orientation.x,Pose.Orientation.y,Pose.Orientation.z,Pose.Orientation.w,Roll(deg),Pitch(deg),Yaw(deg)
2656280000000,584,1.0683405513525939,-0.9857131524626128,0.0,0.0,0.0,0.8465366013226937,0.5323305200916276,0.0,-0.0,115.67389132929405
2675080000000,585,1.0651630267857175,-1.0144595278024457,0.0,0.0,0.0,0.8986001865133216,0.4387683953958211,0.0,-0.0,127.94934741016132
2695280000000,586,1.1074522356168703,-0.9998416901127989,0.0,0.0,0.0,0.944857559417342,0.3274815909511619,0.0,-0.0,141.76802119747268
2717280000000,587,1.1554913848045114,-0.9820970364169608,0.0,0.0,0.0,0.973647542020799,0.22805802752119153,0.0,-0.0,153.6344667552261
2741080000000,588,1.2172132584189306,-0.9837481613566125,0.0,0.0,0.0,0.99351187378529,0.11372843376940471,0.0,-0.0,166.93942300819091
2767280000000,589,1.2388237567629485,-0.9785402750609251,0.0,0.0,0.0,-0.9999972086749727,0.00236276157562731,0.0,0.0,-179.72924721552204
