Time,Seq,Pose.Position.x,Pose.Position.y,Pose.Position.z,Pose.Orientation.x,Pose.Orientation.y,Pose.Orientation.z,Pose.Orientation.w,Roll(deg),Pitch(deg),Yaw(deg)
48467000000,22,1.9710224089064845,0.16659120596066945,0.0,0.0,0.0,0.7660210058479272,0.6428155401044143,0.0,-0.0,99.99582186240106
49467000000,23,1.9199312942120093,0.3750589706838284,0.0,0.0,0.0,0.8043758623770675,0.5941207554236335,0.0,-0.0,107.10004380344616
50467000000,24,1.8586580478553576,0.5747658578198586,0.0,0.0,0.0,0.7976509059865128,0.6031194178426816,0.0,-0.0,105.81272460077966
51467000000,25,1.7997061506653829,0.7825828855180033,0.0,0.0,0.0,0.7946358188981612,0.607086415038295,0.0,-0.0,105.24174269700207
52667000000,26,1.7298353242064974,1.0224907961370366,0.0,0.0,0.0,0.8025457962590751,0.5965905169434786,0.0,-0.0,106.7478006201969
53867000000,27,1.6607507739289846,1.2527067805880265,0.0,0.0,0.0,0.8161173776087738,0.577886170421977,0.0,-0.0,109.39599188225262
55667000000,28,1.5903350039336228,1.4249683034581817,0.0,0.0,0.0,0.8978976038243545,0.440204376450851,0.0,-0.0,127.76615623267354
