Time,Seq,Pose.Position.x,Pose.Position.y,Pose.Position.z,Pose.Orientation.x,Pose.Orientation.y,Pose.Orientation.z,Pose.Orientation.w,Roll(deg),Pitch(deg),Yaw(deg)
480549000000,319,-1.8414453623790548,-1.2804028129366931,0.0,0.0,0.0,-0.16576710174392464,0.9861649294004625,0.0,0.0,-19.083599715201135
481349000000,320,-1.687936069548487,-1.3545604410656025,0.0,0.0,0.0,-0.27467226084318375,0.9615379083131845,0.0,0.0,-31.884968014216
482549000000,321,-1.4770693864883713,-1.506282445082182,0.0,0.0,0.0,-0.34288827316284887,0.9393761930810252,0.0,0.0,-40.105882598516516
483949000000,322,-1.2704634257216818,-1.7077333522620946,0.0,0.0,0.0,-0.3900222027985398,0.9208054524839515,0.0,0.0,-45.91176186234448
485549000000,323,-1.0724246166136637,-1.9182895081421611,0.0,0.0,0.0,-0.369406319337902,0.9292679760075798,0.0,0.0,-43.35801624849413
487349000000,324,-0.9784621471846335,-2.0027170019381066,0.0,0.0,0.0,-0.17594648792713646,0.9843997325203344,0.0,0.0,-20.26748510575295
