Time,Seq,Pose.Position.x,Pose.Position.y,Pose.Position.z,Pose.Orientation.x,Pose.Orientation.y,Pose.Orientation.z,Pose.Orientation.w,Roll(deg),Pitch(deg),Yaw(deg)
67456000000,23,1.9733669884617415,0.3041042994912193,0.0,0.0,0.0,0.7776224338098032,0.6287315408309959,0.0,-0.0,102.08680040266964
68456000000,24,1.914523863791221,0.4979996319719606,0.0,0.0,0.0,0.8137515940912731,0.5812128208444064,0.0,-0.0,108.92821743472831
69456000000,25,1.8381411963720948,0.7069290193315056,0.0,0.0,0.0,0.816750153608414,0.5769914961077262,0.0,-0.0,109.5215649765437
70656000000,26,1.7525933372141032,0.9403343453214682,0.0,0.0,0.0,0.8192849907512564,0.5733865222776986,0.0,-0.0,110.0265650118778
71856000000,27,1.6629634069615198,1.1685346618227075,0.0,0.0,0.0,0.8260008084828515,0.5636689315419785,0.0,-0.0,111.38017898523596
73456000000,28,1.587635623627924,1.3784425150727522,0.0,0.0,0.0,0.8186742718147497,0.5742581620391558,0.0,-0.0,109.90460526351418
74456000000,29,1.5670727495204697,1.4189076286969637,0.0,0.0,0.0,0.8956040687321181,0.44485205638557584,0.0,-0.0,127.17225246825139
