Time,Seq,Pose.Position.x,Pose.Position.y,Pose.Position.z,Pose.Orientation.x,Pose.Orientation.y,Pose.Orientation.z,Pose.Orientation.w,Roll(deg),Pitch(deg),Yaw(deg)
3910867000000,2025,0.3495762847341813,1.1037174627828916,0.0,0.0,0.0,-0.22611882910874095,0.9740997254503729,0.0,0.0,-26.13735610944238
3923867000000,2026,0.1464413727883056,1.1900489239239265,0.0,0.0,0.0,-0.1337097205524897,0.991020539963615,0.0,0.0,-15.36803180624884
3931667000000,2027,0.38249616125977914,1.1464758851383048,0.0,0.0,0.0,-0.2256513703241557,0.9742081189719324,0.0,0.0,-26.082368054005904
3958467000000,2028,0.5750470370027767,1.042552111201928,0.0,0.0,0.0,-0.31164203956430253,0.9501995786024122,0.0,0.0,-36.31643062754768
3960867000000,2029,0.39584356243045793,1.1137589127118364,0.0,0.0,0.0,-0.23830948654286901,0.9711892650887746,0.0,0.0,-27.57357269327115
3971067000000,2030,0.16512706900143923,1.172401298407982,0.0,0.0,0.0,-0.14360408620514847,0.9896352188686417,0.0,0.0,-16.512906527032666
3984667000000,2031,-0.045557586521120144,1.1850960839005296,0.0,0.0,0.0,-0.061454197424075305,0.9981099045791314,0.0,0.0,-7.046572415943863
4011467000000,2032,0.1557856928074163,1.1589676139739655,0.0,0.0,0.0,-0.14083430346596756,0.9900331807405526,0.0,0.0,-16.192253315406173
