Time,Seq,Pose.Position.x,Pose.Position.y,Pose.Position.z,Pose.Orientation.x,Pose.Orientation.y,Pose.Orientation.z,Pose.Orientation.w,Roll(deg),Pitch(deg),Yaw(deg)
704665000000,308,0.6454949112707147,-1.9842678769769033,0.0,0.0,0.0,0.1625113456900338,0.986706675016448,0.0,-0.0,18.7053877499524
705865000000,309,0.8807275228387891,-1.882361914789521,0.0,0.0,0.0,0.23216599068266,0.9726761808383811,0.0,-0.0,26.849252575286062
707065000000,310,1.0959299480434033,-1.7545255646848221,0.0,0.0,0.0,0.31682194656972995,0.9484850310741689,0.0,-0.0,36.94167627784775
708465000000,311,1.3176265944986603,-1.56681966164206,0.0,0.0,0.0,0.38152094475966813,0.9243601942477241,0.0,-0.0,44.85585068045132
709265000000,312,1.3953137215795053,-1.4743821256834004,0.0,0.0,0.0,0.5074420390584758,0.8616858923042527,0.0,-0.0,60.987189915043395
709665000000,313,1.4178075004761752,-1.4260627113045767,0.0,0.0,0.0,0.5936140037788825,0.8047499080569098,0.0,-0.0,72.8277810314321
711065000000,314,1.42435981847746,-1.3939588843275474,0.0,0.0,0.0,0.47375964679443755,0.8806541869935155,0.0,-0.0,56.55724287542539
711465000000,315,1.4568738970316766,-1.3599447402511688,0.0,0.0,0.0,0.3550932096997094,0.9348309004441168,0.0,-0.0,41.598314188478206
713065000000,316,1.570474378423118,-1.249456349623372,0.0,0.0,0.0,0.47208454912400605,0.8815532760295227,0.0,-0.0,56.33938884882632
