Time,Seq,Pose.Position.x,Pose.Position.y,Pose.Position.z,Pose.Orientation.x,Pose.Orientation.y,Pose.Orientation.z,Pose.Orientation.w,Roll(deg),Pitch(deg),Yaw(deg)
528749000000,335,0.4738916716742308,-2.031938038318011,0.0,0.0,0.0,0.01940998603097405,0.9998116084754555,0.0,-0.0,2.2243602452590663
529949000000,336,0.7113194671310673,-2.0187430301498557,0.0,0.0,0.0,0.12381734668817934,0.992305026017252,0.0,-0.0,14.224928361412873
530749000000,337,0.8685539391185352,-1.9568692903085705,0.0,0.0,0.0,0.22505317503355707,0.9743464827294832,0.0,-0.0,26.01201012948226
531949000000,338,1.0859133500445846,-1.8178335709080098,0.0,0.0,0.0,0.31960164119143164,0.9475519990732664,0.0,-0.0,37.27767109972729
533349000000,339,1.3016514654252371,-1.6041977570871513,0.0,0.0,0.0,0.40553968550373787,0.914077438449024,0.0,-0.0,47.849902061357014
534549000000,340,1.4533844710016972,-1.404084716519757,0.0,0.0,0.0,0.4686535127231079,0.8833820719328029,0.0,-0.0,55.89385715789988
